{
    "private": true,
    "scripts": {
        "dev": "npm run development",
        "development": "cross-env NODE_ENV=development node_modules/webpack/bin/webpack.js --progress --hide-modules --config=node_modules/laravel-mix/setup/webpack.config.js",
        "watch": "npm run development -- --watch",
        "watch-poll": "npm run watch -- --watch-poll",
        "hot": "cross-env NODE_ENV=development node_modules/webpack-dev-server/bin/webpack-dev-server.js --inline --hot --config=node_modules/laravel-mix/setup/webpack.config.js",
        "prod": "npm run production",
        "production": "cross-env NODE_ENV=production node_modules/webpack/bin/webpack.js --no-progress --hide-modules --config=node_modules/laravel-mix/setup/webpack.config.js"
    },
    "devDependencies": {
        "axios": "^0.19",
        "bootstrap": "^4.0.0",
        "cross-env": "^7.0",
        "jquery": "^3.2",
        "laravel-mix": "^5.0.1",
        "lodash": "^4.17.13",
        "popper.js": "^1.12",
<<<<<<< HEAD
        "resolve-url-loader": "^3.1.0",
        "sass": "^1.15.2",
        "sass-loader": "^8.0.0",
        "vue-template-compiler": "^2.6.11"
=======
        "resolve-url-loader": "^2.3.1",
        "sass": "^1.20.1",
        "sass-loader": "^8.0.0",
        "vue": "^2.5.17",
        "vue-template-compiler": "^2.6.10"
>>>>>>> a53dbad4a31487a2534157b514c895ee81ae103e
    },
    "dependencies": {
        "bootstrap-datepicker": "^1.9.0"
    }
}
